tag	yomi	note
001提言	001ていげん	needs_review
1111事件	1111じけん	auto_compound_needs_review
1200字19	1200じ19	needs_review
120の記録書庫より	120のきろくしょこより	auto_compound_needs_review
1600字17	1600じ17	needs_review
2012-devan-誕生日祝典	2012-devan-たんじょうびしゅくてん	auto_compound_needs_review
2014ハロウィン企画	2014はろうぃんきかく	needs_review
2014夏休みコンテスト	2014なつやすみこんてすと	auto_compound_needs_review
2014年年末企画	2014ねんねんまつきかく	needs_review
2015夏季コンテスト	2015かきこんてすと	auto_compound_needs_review
2015年末終末記事大会	2015ねんまつしゅうまつきじたいかい	auto_compound_needs_review
2015財団放送コンテスト	2015ざいだんほうそうこんてすと	auto_compound_needs_review
2016-漫画コンテスト	2016-まんがこんてすと	auto_compound_needs_review
2017-世界滅亡コンテスト	2017-せかいめつぼうこんてすと	auto_compound_needs_review
2017冬季コンテスト	2017とうきこんてすと	auto_compound_needs_review
2018-犯罪コンテスト	2018-はんざいこんてすと	auto_compound_needs_review
2018-短編コンテスト	2018-たんぺんこんてすと	auto_compound_needs_review
2018冬季コンテスト	2018とうきこんてすと	auto_compound_needs_review
2019回憶コンテスト	2019かいおくこんてすと	auto_compound_needs_review
2019新人コンテスト	2019しんじんこんてすと	auto_compound_needs_review
2020冬季コンテスト	2020とうきこんてすと	auto_compound_needs_review
2020冬季コンテストzh	2020とうきこんてすとzh	auto_compound_needs_review
2020夏季コンテスト	2020かきこんてすと	auto_compound_needs_review
2020愚人コンテスト	2020ぐじんこんてすと	auto_compound_needs_review
2020画廊コンテスト	2020がろうこんてすと	auto_compound_needs_review
2020聖夜相守	2020せいやあいまもり	auto_compound_needs_review
2020金字塔登り	2020きんじとうのぼり	auto_compound_needs_review
2021-即興コンテスト	2021-そっきょうこんてすと	auto_compound_needs_review
2021反復コンテスト	2021はんぷくこんてすと	auto_compound_needs_review
2021夏季コンテストzh	2021かきこんてすとzh	auto_compound_needs_review
2021新人コンテスト	2021しんじんこんてすと	auto_compound_needs_review
2022冬季コンテスト	2022とうきこんてすと	auto_compound_needs_review
2022夏季コンテスト	2022かきこんてすと	auto_compound_needs_review
2023-ハンガウィ祝典	2023-はんがうぃしゅくてん	auto_compound_needs_review
2023-絶対コンテスト	2023-ぜったいこんてすと	auto_compound_needs_review
2023冬季コンテストzh	2023とうきこんてすとzh	auto_compound_needs_review
2023夏季コンテスト	2023かきこんてすと	auto_compound_needs_review
2023撕咬コンテスト	2023すーやおこんてすと	needs_review
2023紅藍合戦	2023こうらんかっせん	auto_compound_needs_review
2024-年末コンテスト-ko	2024-ねんまつこんてすと-ko	auto_compound_needs_review
2024夏季コンテストzh	2024かきこんてすとzh	auto_compound_needs_review
2024怪談コンテスト	2024かいだんこんてすと	auto_compound_needs_review
2024新鋭コンテスト	2024しんえいこんてすと	auto_compound_needs_review
2024沈黙ショートコンテスト	2024ちんもくしょーとこんてすと	auto_compound_needs_review
2024霊異月間	2024れいいげっかん	auto_compound_needs_review
2025-短編コンテスト	2025-たんぺんこんてすと	auto_compound_needs_review
2025再誕コンテスト	2025さいたんこんてすと	auto_compound_needs_review
2025冬季コンテスト	2025とうきこんてすと	auto_compound_needs_review
2025夏季コンテスト	2025かきこんてすと	auto_compound_needs_review
2025新鋭コンテスト	2025しんえいこんてすと	auto_compound_needs_review
2周年goiコンテスト	2しゅうねんgoiこんてすと	auto_compound_needs_review
2周年goiコンテスト遅刻投稿	2しゅうねんgoiこんてすとちこくとうこう	auto_compound_needs_review
500語未満コンテスト	500ごみまんこんてすと	auto_compound_needs_review
ad渉外長	adしょうがいちょう	auto_compound_needs_review
aki商事	akiしょうじ	auto_compound_needs_review
alexylva大学	alexylvaだいがく	auto_compound_needs_review
aw教授	awきょうじゅ	auto_compound_needs_review
eco出版社	ecoしゅっぱんしゃ	auto_compound_needs_review
goc事件簿	Gocじけんぼ	needs_review
gru-p-部局	gru-p-ぶきょく	auto_compound_needs_review
meme主義	memeしゅぎ	auto_compound_needs_review
recyclecon17遅刻組	recyclecon17ちこくぐみ	needs_review
r博士	rはかせ	auto_compound_needs_review
sbu-異常対策部	Sbuいじょうたいさくぶ	needs_review
scp漢字ドリル	scpかんじどりる	auto_compound_needs_review
ttt社	tttしゃ	auto_compound_needs_review
あのヨレハマツの林	あのよれはまつのはやし	auto_compound_needs_review
お団子21	おだんご21	auto_compound_needs_review
お見合い2020	おみあいい2020	auto_compound_needs_review
お見合い2021	おみあいい2021	auto_compound_needs_review
お見合い2026	おみあいい2026	auto_compound_needs_review
ぜんまい仕掛け	ぜんまいしかけけ	auto_compound_needs_review
ただの夢	ただのゆめ	auto_compound_needs_review
なぜいい天気だと言ったのか	なぜいいてんきだといったのか	needs_review
また会う度に	またあうたびに	auto_compound_needs_review
アイスバーグ博士	あいすばーぐはかせ	auto_compound_needs_review
アイディタ計画	あいでぃたけいかく	auto_compound_needs_review
アイランズ調停官	あいらんずちょうていかん	auto_compound_needs_review
アクタス管理官	あくたすかんりかん	auto_compound_needs_review
アシュワース博士	あしゅわーすはかせ	auto_compound_needs_review
アブサンの夢	あぶさんのゆめ	auto_compound_needs_review
アンタレス協会	あんたれすきょうかい	needs_review
アーカイブ済み	あーかいぶずみ	needs_review
イザベル五世	いざべるごせい	needs_review
イバニェス主任	いばにぇすしゅにん	needs_review
イベント-注目記事	いべんとちゅうもくきじ	needs_review
イワナガ美容組合	いわながびようくみあい	needs_review
ウェトル博士	うぇとるはかせ	auto_compound_needs_review
ウェルマン家	うぇるまんけ	needs_review
エジソン博士	えじそんはかせ	auto_compound_needs_review
エバーウッド博士	えばーうっどはかせ	auto_compound_needs_review
エリオット博士	えりおっとはかせ	auto_compound_needs_review
エルストロム博士	えるすとろむはかせ	auto_compound_needs_review
エルマ外教	えるまがいきょう	needs_review
エントロピーを越えて	えんとろぴーをこえて	needs_review
エージェント・上波	えーじぇんとうえなみ	needs_review
エージェント・井戸田	えーじょんといとだ	needs_review
エージェント・亦好	えーじぇんといーはお	needs_review
エージェント・差前	えーじぇんとさしまえ	needs_review
エージェント・応神	えーじぇんとおうじん	needs_review
エージェント・戸神	えーじぇんととがみ	needs_review
エージェント・斑座	えーじぇんとはんざ	needs_review
エージェント・斑鳩	えーじぇんといかるが	needs_review
エージェント・来栖	えーじぇんとくるす	needs_review
エージェント・桜庭	えーじぇんとさくらば	needs_review
エージェント・榾火	えーじぇんとほたび	needs_review
エージェント・海野	えーじぇんとうみの	needs_review
エージェント・育良	えーじぇんといくら	needs_review
エージェント・蒼井	えーじぇんとあおい	needs_review
エージェント・西塔	えーじぇんとさいとう	needs_review
エージェント・許	えーじょんときょ	needs_review
エージェント・谷崎	えーじぇんとたにざき	needs_review
エージェント・那澤なごむ	えーじぇんとなざわなごむ	needs_review
オコリー博士	おこりーはかせ	auto_compound_needs_review
オシミオルニツキ博士	おしみおるにつきはかせ	auto_compound_needs_review
カメラマン・甘梨	かめらまんあまなし	needs_review
ガット博士	がっとはかせ	auto_compound_needs_review
ガレスピー管理官	がれすぴーかんりかん	auto_compound_needs_review
キレイさっぱりをお約束します	きれいさっぱりをおやくそくします	needs_review
キング博士	きんぐはかせ	auto_compound_needs_review
ギアーズ博士	ぎあーずはかせ	auto_compound_needs_review
ギャリソン博士	ぎゃりそんはかせ	auto_compound_needs_review
クイヤン派	くいやんは	needs_review
クリス博士	くりすはかせ	auto_compound_needs_review
クレフ博士	くれふはかせ	auto_compound_needs_review
クールな戦争2	くーるなせんそう2	needs_review
グラス博士	ぐらすはかせ	auto_compound_needs_review
グラハム管理官	ぐらはむかんりかん	auto_compound_needs_review
グリーン・スパロウ財団	ぐりーん・すぱろうざいだん	auto_compound_needs_review
グレートブッシュドッグ王国	ぐれーとぶっしゅどっぐおうこく	needs_review
コトダマtale祭り	ことだまてーるまつり	needs_review
コモフ博士	こもふはかせ	auto_compound_needs_review
コンドラキ博士	こんどらきはかせ	auto_compound_needs_review
コーンウェル研究員	こーんうぇるけんきゅういん	needs_review
ゴルゴタの丘で	ごるごたのおかで	needs_review
サイト-75-vn管理官	さいと-75-vnかんりかん	auto_compound_needs_review
サメきった世界	さめきったせかい	auto_compound_needs_review
サメ殴りセンター	さめなぐりせんたー	needs_review
シウ市	しうし	needs_review
シメリアン博士	しめりあんはかせ	auto_compound_needs_review
シャンク博士	しゃんくはかせ	auto_compound_needs_review
シュガーコム製菓	しゅがーこむせいやく	needs_review
シュトルヒ運輸	しゅとるひうんゆ	needs_review
シンクレア博士	しんくれあはかせ	auto_compound_needs_review
ジェラルド博士	じぇらるどはかせ	auto_compound_needs_review
ジェームズ研究員	じぇーむずけんきゅういん	needs_review
ジャンゴ・ブリッジ博士	じゃんご・ぶりっじはかせ	auto_compound_needs_review
ジュディス・ロゥ博士	じゅでぃす・ろぅはかせ	auto_compound_needs_review
ジン・桐生	じん・きりゅう	auto_expanded_needs_review
スカウト管理官	すかうとかんりかん	auto_compound_needs_review
スクラントン博士	すくらんとんはかせ	auto_compound_needs_review
スモールズ研究員	すもーるずけんきゅういん	auto_expanded_needs_review
ズオン管理官	ずおんかんりかん	auto_compound_needs_review
セレヴン博士	せれゔんはかせ	auto_compound_needs_review
ソコルスキー博士	そこるすきーはかせ	auto_compound_needs_review
ソスナ博士	そすなはかせ	auto_compound_needs_review
ソーツ博士	そーつはかせ	auto_compound_needs_review
タタールの軛	たたーるのくびき	auto_expanded_needs_review
タローラン研究員	たろーらんけんきゅういん	auto_expanded_needs_review
ダン博士	だんはかせ	auto_compound_needs_review
チェコscp財団	ちぇこscpざいだん	auto_compound_needs_review
ツァーリの賢人団	つぁーりのけんじんだん	auto_expanded_needs_review
ディアギレフ管理官	でぃあぎれふかんりかん	auto_compound_needs_review
ディア大学	でぃあだいがく	auto_compound_needs_review
トップ掲載	とっぷけいさい	auto_expanded_needs_review
トリックスター計画	とりっくすたーけいかく	auto_compound_needs_review
ドイツscp財団	どいつscpざいだん	auto_compound_needs_review
ノウイング出版	のういんぐしゅっぱん	auto_expanded_needs_review
ハドフィールド家の双子	はどふぃーるどけのふたご	auto_expanded_needs_review
ハンターの黒きロッジ	はんたーのくろきろっじ	auto_expanded_needs_review
バウ将軍	ばうしょうぐん	auto_expanded_needs_review
フィネガン博士	ふぃねがんはかせ	auto_compound_needs_review
フォト作品	ふぉとさくひん	auto_expanded_needs_review
フォン・ブラウン博士	ふぉん・ぶらうんはかせ	auto_compound_needs_review
フロッグ博士	ふろっぐはかせ	auto_compound_needs_review
ブライト博士	ぶらいとはかせ	auto_compound_needs_review
ブラジル超常現象監督局	ぶらじるちょうじょうげんしょうかんとくきょく	auto_expanded_needs_review
ブラックラビット社	ぶらっくらびっとしゃ	auto_compound_needs_review
ブランク博士	ぶらんくはかせ	auto_compound_needs_review
プリチャード学院	ぷりちゃーどがくいん	auto_expanded_needs_review
プリムローズ法務官	ぷりむろーずほうむかん	auto_expanded_needs_review
プログレス総合研究所	ぷろぐれすそうごうけんきゅうじょ	auto_expanded_needs_review
ベイリー三兄弟	べいりーさんきょうだい	auto_expanded_needs_review
ペスト医師	ぺすといし	auto_expanded_needs_review
ホイガル博士	ほいがるはかせ	auto_compound_needs_review
ホラーな財団	ほらーなざいだん	auto_compound_needs_review
ボハート管理官	ぼはーとかんりかん	auto_compound_needs_review
ボールド管理官	ぼーるどかんりかん	auto_compound_needs_review
マクドクトラート博士	まくどくとらーとはかせ	auto_compound_needs_review
マッキンス管理官	まっきんすかんりかん	auto_compound_needs_review
マックティリス管理官	まっくてぃりすかんりかん	auto_compound_needs_review
マナによる慈善財団	まなによるじぜんざいだん	auto_expanded_needs_review
マブ女帝	まぶじょてい	auto_expanded_needs_review
マン博士	まんはかせ	auto_compound_needs_review
マーク・桐生	まーく・きりゅう	auto_expanded_needs_review
ミュータント協会	みゅーたんときょうかい	auto_expanded_needs_review
ムース管理官	むーすかんりかん	auto_compound_needs_review
メキシコ湾	めきしこわん	auto_expanded_needs_review
メタノイア管理官	めたのいあかんりかん	auto_compound_needs_review
ヤキム博士	やきむはかせ	auto_compound_needs_review
ユグドラシルの測量技師	ゆぐどらしるのそくりょうぎし	auto_expanded_needs_review
ライツ博士	らいつはかせ	auto_compound_needs_review
ライト博士	らいとはかせ	auto_compound_needs_review
ラグー管理官	らぐーかんりかん	auto_compound_needs_review
リベラ博士	りべらはかせ	auto_compound_needs_review
リュミエール騎士団	りゅみえーるきしだん	auto_expanded_needs_review
リリハンメル博士	りりはんめるはかせ	auto_compound_needs_review
レインデルス博士	れいんでるすはかせ	auto_compound_needs_review
レックス研究員	れっくすけんきゅういん	auto_expanded_needs_review
ロイド研究員	ろいどけんきゅういん	auto_expanded_needs_review
ロジェ博士	ろじぇはかせ	auto_compound_needs_review
ロボット共和国	ろぼっときょうわこく	auto_expanded_needs_review
ローゼン研究員	ろーぜんけんきゅういん	auto_expanded_needs_review
ワンダーテインメント博士	わんだーていんめんとはかせ	auto_compound_needs_review
ヴァン博士	ゔぁんはかせ	auto_compound_needs_review
ヴー・クイン・トゥー管理官	ゔー・くいん・とぅーかんりかん	auto_compound_needs_review
一般部門	いっぱんぶもん	auto_expanded_needs_review
万劫歴数	まんごうれきすう	auto_expanded_needs_review
三ツ月イニシアチブ		needs_review
三千里-江原コンテスト	さんぜんり-えばらこんてすと	auto_expanded_needs_review
三国技師	みくにぎし	auto_expanded_needs_review
三垣		needs_review
三題噺言霊競演21	さんだいばなしことだまきょうえん21	auto_expanded_needs_review
不定形	ふていけい	auto_expanded_needs_review
不死身の爬虫類	ふじみのはちゅうるい	auto_expanded_needs_review
世乙加	せおとか	auto_expanded_needs_review
世界に自由を	せかいにじゆうを	auto_expanded_needs_review
世界は廻り続けた	せかいはまわりつづけた	auto_expanded_needs_review
世界オカルト連合	せかいおかるとれんごう	auto_expanded_needs_review
世界ドカーン連合	せかいどかーんれんごう	auto_expanded_needs_review
世界観	せかいかん	auto_expanded_needs_review
世界超保健機関	せかいちょうほけんきかん	auto_expanded_needs_review
両生類	りょうせいるい	auto_expanded_needs_review
中情第十局	ちゅうじょうだいじゅっきょく	auto_expanded_needs_review
中毒	ちゅうどく	auto_expanded_needs_review
串間保育士	くしまほいくし	auto_expanded_needs_review
久斯動物医療センター	くすどうぶついりょうせんたー	auto_expanded_needs_review
久能尚史	くのうなおふみ	auto_expanded_needs_review
乗り物	のりもの	auto_expanded_needs_review
九十九機関	つくもきかん	auto_expanded_needs_review
予知	よち	auto_expanded_needs_review
二重の故郷	にじゅうのふるさと	auto_expanded_needs_review
五行結社	ごぎょうけっしゃ	auto_expanded_needs_review
交換	こうかん	auto_expanded_needs_review
交流課	こうりゅうか	auto_expanded_needs_review
京都呪縛戦争	きょうとじゅばくせんそう	auto_expanded_needs_review
人ならぬもの	ひとならぬもの	auto_expanded_needs_review
人内魔境	じんないまきょう	auto_expanded_needs_review
人妖大戦	じんようたいせん	auto_expanded_needs_review
人工	じんこう	auto_expanded_needs_review
人的資源	じんてきしげん	auto_expanded_needs_review
人間型	にんげんがた	auto_expanded_needs_review
人類復興イニシアチブ	じんるいふっこういにしあちぶ	auto_expanded_needs_review
他支部公式	たしぶこうしき	auto_expanded_needs_review
企業	きぎょう	auto_expanded_needs_review
伝染性	でんせんせい	auto_expanded_needs_review
体肢	たいし	auto_expanded_needs_review
何者でもない	なにものでもない	auto_expanded_needs_review
依談	いだん	auto_expanded_needs_review
信濃中央新聞	しなのちゅうおうしんぶん	auto_expanded_needs_review
修正花卉	しゅうせいかき	auto_expanded_needs_review
倫理委員会	りんりいいんかい	auto_expanded_needs_review
偉大なる緑の神	いだいなるみどりのかみ	auto_expanded_needs_review
儀式	ぎしき	auto_expanded_needs_review
元記事削除	もときじさくじょ	auto_expanded_needs_review
全ての戦線で戦え	すべてのせんせんでたたかえ	auto_expanded_needs_review
公安部特事課	こうあんぶとくじか	auto_expanded_needs_review
公費旅行	こうひりょこう	auto_expanded_needs_review
共異廻歴	きょういかいれき	auto_expanded_needs_review
共著	きょうちょ	auto_expanded_needs_review
写真	しゃしん	auto_expanded_needs_review
凍霧陽	いてぎりよう	auto_expanded_needs_review
出刃包丁のウィーク	でばぼうちょうのうぃーく	auto_expanded_needs_review
切り裂かれた我らの脈	きりさかれたわれらのみゃく	auto_expanded_needs_review
判官会	はんがんかい	auto_expanded_needs_review
制空権	せいくうけん	auto_expanded_needs_review
削除通知	さくじょつうち	auto_expanded_needs_review
削除部門	さくじょぶもん	auto_expanded_needs_review
前原博士	まえはらはかせ	auto_expanded_needs_review
剖検	ぼうけん	auto_expanded_needs_review
剪定対象-子	せんていたいしょう-こ	auto_expanded_needs_review
剪定対象-親	せんていたいしょう-おや	auto_expanded_needs_review
創造性の破壊	そうぞうせいのはかい	auto_expanded_needs_review
劇組		needs_review
動植物狩猟クラブ	どうしょくぶつしゅりょうくらぶ	auto_expanded_needs_review
動物	どうぶつ	auto_expanded_needs_review
化学	かがく	auto_expanded_needs_review
匡済部門	きょうさいぶもん	auto_expanded_needs_review
医療	いりょう	auto_expanded_needs_review
医院	いいん	auto_expanded_needs_review
半身猫のジョーシー	はんしんねこのじょーしー	auto_expanded_needs_review
南極の交流	なんきょくのこうりゅう	auto_expanded_needs_review
博士	はかせ	auto_compound_needs_review
反ヒト派	はんひとは	auto_expanded_needs_review
反ミーム	はんみーむ	auto_expanded_needs_review
反ミーム部門	はんみーむぶもん	auto_expanded_needs_review
取り憑くマスク	とりつくますく	auto_expanded_needs_review
古生物	こせいぶつ	auto_expanded_needs_review
可視光	かしこう	auto_expanded_needs_review
合作	がっさく	auto_expanded_needs_review
合同編集	ごうどうへんしゅう	auto_expanded_needs_review
吊られた王	つられたおう	auto_expanded_needs_review
名もなきもの	なもなきもの	auto_expanded_needs_review
吹上人事官	ふきあげじんじかん	auto_expanded_needs_review
味覚	みかく	auto_expanded_needs_review
和朝義	わちょうぎ	auto_expanded_needs_review
咬冴隊員	こうがたいいん	auto_expanded_needs_review
嗅覚	きゅうかく	auto_expanded_needs_review
嘘コン20	うそこん20	auto_expanded_needs_review
四季の円環	しきのえんかん	auto_expanded_needs_review
四辻喜劇	よつつじきげき	auto_expanded_needs_review
回らない寿司協会	まわらないすしきょうかい	auto_expanded_needs_review
図書館	としょかん	auto_expanded_needs_review
国外収容	こくがいしゅうよう	auto_expanded_needs_review
国安十九局	こくあんじゅうきゅうきょく	auto_expanded_needs_review
国家超常防災院	こっかちょうじょうぼうさいいん	auto_expanded_needs_review
土橋博士	どばしはかせ	auto_expanded_needs_review
地下	ちか	auto_expanded_needs_review
地下東京奇譚	ちかとうきょうきたん	auto_expanded_needs_review
地球外	ちきゅうがい	auto_expanded_needs_review
地質	ちしつ	auto_expanded_needs_review
地質学部門	ちしつがくぶもん	auto_expanded_needs_review
執筆	しっぴつ	auto_expanded_needs_review
堂守連盟	どうもりれんめい	auto_expanded_needs_review
場所	ばしょ	auto_expanded_needs_review
境界の画定者	きょうかいのかくていしゃ	auto_expanded_needs_review
境界線イニシアチブ	きょうかいせんいにしあちぶ	auto_expanded_needs_review
墓碑部門	ぼひぶもん	auto_expanded_needs_review
壁を背に	かべをせに	auto_expanded_needs_review
壊された虚構	こわされたきょこう	auto_expanded_needs_review
壊れた神の教会	こわれたかみのきょうかい	auto_expanded_needs_review
変容	へんよう	auto_expanded_needs_review
変身	へんしん	auto_expanded_needs_review
夏王朝	かおうちょう	auto_expanded_needs_review
夏鳥思想連盟	なつどりしそうれんめい	auto_expanded_needs_review
外側の賑わい	そとがわのにぎわい	auto_expanded_needs_review
外部ウィキアーカイブ	がいぶうぃきあーかいぶ	auto_expanded_needs_review
外部エントロピー	がいぶえんとろぴー	auto_expanded_needs_review
外部連携	がいぶれんけい	auto_expanded_needs_review
多面体	ためんたい	auto_expanded_needs_review
夜コン21	よるこん21	auto_expanded_needs_review
夜行性	やこうせい	auto_expanded_needs_review
夜闇の子ら	よやみのこら	auto_expanded_needs_review
夢売り	ゆめうり	auto_expanded_needs_review
夢見テクノロジー	ゆめみてくのろじー	auto_expanded_needs_review
大和博士	やまとはかせ	auto_expanded_needs_review
大怪獣決戦テイル	だいかいじゅうけっせんている	auto_expanded_needs_review
大正150年	たいしょう150ねん	auto_expanded_needs_review
大河は赤に染められる	たいがはあかにそめられる	auto_expanded_needs_review
天候	てんこう	auto_expanded_needs_review
天宮博士	あまみやはかせ	auto_expanded_needs_review
天已堂		needs_review
天王寺博士	てんのうじはかせ	auto_expanded_needs_review
太陽	たいよう	auto_expanded_needs_review
太陽が沈む時	たいようがしずむとき	auto_expanded_needs_review
奇跡術	きせきじゅつ	auto_expanded_needs_review
如月工務店	きさらぎこうむてん	auto_expanded_needs_review
如来観光	にょらいかんこう	auto_expanded_needs_review
妙麗寺	みょうれいじ	auto_expanded_needs_review
始のいろは	はじめのいろは	auto_expanded_needs_review
存在しなかった者	そんざいしなかったもの	auto_expanded_needs_review
存在論部門	そんざいろんぶもん	auto_expanded_needs_review
宇喜田博士	うきたはかせ	auto_expanded_needs_review
宗教	しゅうきょう	auto_expanded_needs_review
実技試験	じつぎしけん	auto_expanded_needs_review
実録犯罪	じつろくはんざい	auto_expanded_needs_review
実験	じっけん	auto_compound_needs_review
宴の後	うたげのあと	auto_expanded_needs_review
家具	かぐ	auto_expanded_needs_review
家電	かでん	auto_expanded_needs_review
家電戦争	かでんせんそう	auto_expanded_needs_review
容器	ようき	auto_expanded_needs_review
寄生	きせい	auto_expanded_needs_review
密林より興る	みつりんよりおこる	auto_expanded_needs_review
審判者の随筆	しんぱんしゃのずいひつ	auto_expanded_needs_review
対話部門	たいわぶもん	auto_expanded_needs_review
寿司の意思	すしのいし	auto_expanded_needs_review
岩石	がんせき	auto_expanded_needs_review
島嶼	とうしょ	auto_expanded_needs_review
崇高なるカルキスト・イオン	すうこうなるかるきすと・いおん	auto_expanded_needs_review
川獺丸従業員	かわうそまるじゅうぎょういん	auto_expanded_needs_review
左利き	ひだりきき	auto_expanded_needs_review
差し止め通知	さしとめつうち	auto_expanded_needs_review
巷説部門	こうせつぶもん	auto_expanded_needs_review
帝国	ていこく	auto_expanded_needs_review
平異会		needs_review
年頃のガイア	としごろのがいあ	auto_expanded_needs_review
幻島同盟	げんとうどうめい	auto_expanded_needs_review
幻覚	げんかく	auto_expanded_needs_review
広域収容事例	こういきしゅうようじれい	auto_expanded_needs_review
広末サマンサ	ひろすえさまんさ	auto_expanded_needs_review
広末孝行	ひろすえたかゆき	auto_expanded_needs_review
廃棄部門	はいきぶもん	auto_expanded_needs_review
建造物	けんぞうぶつ	auto_expanded_needs_review
弟の食料品	おとうとのしょくりょうひん	auto_expanded_needs_review
張道士	ちょうどうし	auto_expanded_needs_review
強制力	きょうせいりょく	auto_expanded_needs_review
形式部門	けいしきぶもん	auto_expanded_needs_review
彫像	ちょうぞう	auto_expanded_needs_review
影	かげ	auto_expanded_needs_review
彼岸	ひがん	auto_expanded_needs_review
従兄弟のジョニー	いとこのじょにー	auto_expanded_needs_review
御先管理員	みさきかんりいん	auto_expanded_needs_review
御蓮寺恋治	ごれんじれんじ	auto_expanded_needs_review
微視的	びしてき	auto_expanded_needs_review
心霊課	しんれいか	auto_expanded_needs_review
必読	ひつどく	auto_expanded_needs_review
忘れられた記憶	わすれられたきおく	auto_expanded_needs_review
忘れ難きもの	わすれがたきもの	auto_expanded_needs_review
忘却のアディウム	ぼうきゃくのあでぃうむ	auto_expanded_needs_review
忘年会2013	ぼうねんかい2013	auto_expanded_needs_review
念力	ねんりき	auto_expanded_needs_review
性的	せいてき	auto_expanded_needs_review
怪奇部門	かいきぶもん	auto_expanded_needs_review
怪奇銘々伝	かいきめいめいでん	auto_expanded_needs_review
恋昏崎		needs_review
恋昏崎新聞社		needs_review
恐怖コン24	きょうふこん24	auto_expanded_needs_review
恐怖症アンソロジー	きょうふしょうあんそろじー	auto_expanded_needs_review
恐竜	きょうりゅう	auto_expanded_needs_review
情報災害	じょうほうさいがい	auto_expanded_needs_review
情報科学	じょうほうかがく	auto_expanded_needs_review
惑星	わくせい	auto_expanded_needs_review
感覚	かんかく	auto_expanded_needs_review
懐中銃教会	かいちゅうじゅうきょうかい	auto_expanded_needs_review
戦術求解部門	せんじゅつきゅうかいぶもん	auto_expanded_needs_review
戦術神学部門	せんじゅつしんがくぶもん	auto_expanded_needs_review
房先生		needs_review
扶桑紀	ふそうき	auto_expanded_needs_review
批評家	ひひょうか	auto_expanded_needs_review
批評者スポットライト	ひひょうしゃすぽっとらいと	auto_expanded_needs_review
投票	とうひょう	auto_expanded_needs_review
振動	しんどう	auto_expanded_needs_review
捕食	ほしょく	auto_expanded_needs_review
掌編コンテスト2023	しょうへんこんてすと2023	auto_expanded_needs_review
排泄	はいせつ	auto_expanded_needs_review
探査	たんさ	auto_expanded_needs_review
擬態	ぎたい	auto_expanded_needs_review
改稿	かいこう	auto_expanded_needs_review
放射能	ほうしゃのう	auto_expanded_needs_review
放浪者の図書館	ほうろうしゃのとしょかん	auto_expanded_needs_review
政治家	せいじか	auto_expanded_needs_review
政治結社ルフ・アングリフ	せいじけっしゃるふ・あんぐりふ	auto_expanded_needs_review
教会の博士	きょうかいのはかせ	auto_expanded_needs_review
数学	すうがく	auto_expanded_needs_review
敵対的	てきたいてき	auto_expanded_needs_review
文書	ぶんしょ	auto_expanded_needs_review
新人執筆者コンテスト	しんじんしっぴつしゃこんてすと	auto_expanded_needs_review
新四山小学校	しんよつやましょうがっこう	auto_expanded_needs_review
新星コンテスト	しんせいこんてすと	auto_expanded_needs_review
新茶嶺		needs_review
日奉一族		needs_review
日奉茜		needs_review
日奉薮		needs_review
日本生類創研	にほんせいるいそうけん	auto_expanded_needs_review
旧南関東奇譚会界隈	きゅうみなみかんとうきたんかいかいわい	auto_expanded_needs_review
旧敵たち	きゅうてきたち	auto_expanded_needs_review
昆虫	こんちゅう	auto_expanded_needs_review
星警隊	せいけいたい	auto_expanded_needs_review
映像添付	えいぞうてんぷ	auto_expanded_needs_review
映画	えいが	auto_expanded_needs_review
春節コンテスト	しゅんせつこんてすと	auto_expanded_needs_review
時コン25	ときこん25	auto_expanded_needs_review
時間	じかん	auto_expanded_needs_review
晴れの休みは上野巡りへ	はれのやすみはうえのめぐりへ	auto_expanded_needs_review
晴明院	せいめいいん	auto_expanded_needs_review
最上の事	さいじょうのこと	auto_expanded_needs_review
月	つき	auto_expanded_needs_review
有村組	ありむらぐみ	auto_expanded_needs_review
朝鮮	ちょうせん	auto_expanded_needs_review
木易		needs_review
未収容	みしゅうよう	auto_expanded_needs_review
未定	みてい	auto_expanded_needs_review
未来	みらい	auto_expanded_needs_review
未認可支部	みにんかしぶ	auto_expanded_needs_review
東弊重工	とうへいじゅうこう	auto_expanded_needs_review
松明の子供達	たいまつのこどもたち	auto_expanded_needs_review
核の夢	かくのゆめ	auto_expanded_needs_review
桑名博士	くわなはかせ	auto_expanded_needs_review
森林	しんりん	auto_expanded_needs_review
植物	しょくぶつ	auto_expanded_needs_review
極夜灯	きょくやとう	auto_expanded_needs_review
極寒の戦争	ごっかんのせんそう	auto_expanded_needs_review
概念	がいねん	auto_expanded_needs_review
構造	こうぞう	auto_expanded_needs_review
樫の木	かしのき	auto_expanded_needs_review
樹木	じゅもく	auto_expanded_needs_review
橋ヶ谷研究員	はしがやけんきゅういん	auto_expanded_needs_review
橙	だいだい	auto_expanded_needs_review
機械	きかい	auto_expanded_needs_review
機械仕掛けの神	きかいじかけのかみ	auto_expanded_needs_review
欺瞞部門	ぎまんぶもん	auto_expanded_needs_review
武器	ぶき	auto_expanded_needs_review
歯	は	auto_expanded_needs_review
歯車仕掛正教	はぐるまじかけせいきょう	auto_expanded_needs_review
歴史	れきし	auto_expanded_needs_review
歴史コンテスト	れきしこんてすと	auto_expanded_needs_review
死せる星の観測	しせるほしのかんそく	auto_expanded_needs_review
死のabc	しのabc	auto_expanded_needs_review
死の終焉	しのおわり	auto_expanded_needs_review
死人の手札	しにんのてふだ	auto_expanded_needs_review
死体	したい	auto_expanded_needs_review
死後	しご	auto_expanded_needs_review
残された希望	のこされたきぼう	auto_expanded_needs_review
殿堂入り	でんどういり	auto_expanded_needs_review
毒性	どくせい	auto_expanded_needs_review
気体	きたい	auto_expanded_needs_review
水中	すいちゅう	auto_expanded_needs_review
氷我記	ひょうがき	auto_expanded_needs_review
永衡教会	えいこうきょうかい	auto_expanded_needs_review
法律	ほうりつ	auto_expanded_needs_review
波戸崎研究員	はとざきけんきゅういん	auto_expanded_needs_review
注目の翻訳記事	ちゅうもくのほんやくきじ	auto_expanded_needs_review
注目記事	ちゅうもくきじ	auto_expanded_needs_review
洗濯部門	せんたくぶもん	auto_expanded_needs_review
津軽みのり	つがるみのり	auto_expanded_needs_review
浄土真宗本願誇負派		needs_review
海の底からの物語	うみのそこからのものがたり	auto_expanded_needs_review
海鷗銜鑰		needs_review
消えゆく星々	きえゆくほしぼし	auto_expanded_needs_review
消照闇子		needs_review
液体	えきたい	auto_expanded_needs_review
深夜クラブ	しんやくらぶ	auto_expanded_needs_review
深淵の光	しんえんのひかり	auto_expanded_needs_review
深淵目録	しんえんもくろく	auto_expanded_needs_review
清海鎮	せいかいちん	auto_expanded_needs_review
温度	おんど	auto_expanded_needs_review
港城江		needs_review
演繹部門	えんえきぶもん	auto_expanded_needs_review
漢文	かんぶん	auto_expanded_needs_review
潜伏治療	せんぷくちりょう	auto_expanded_needs_review
火急鎮静部門	かきゅうちんせいぶもん	auto_expanded_needs_review
災禍転福キャンペーン	さいかてんぷくきゃんぺーん	auto_expanded_needs_review
炎	ほのお	auto_expanded_needs_review
無コン19	むこん19	auto_expanded_needs_review
無名職員は語る	むめいしょくいんはかたる	auto_expanded_needs_review
無尽月導衆	むじんげつどうしゅう	auto_expanded_needs_review
無脊椎動物	むせきついどうぶつ	auto_expanded_needs_review
熱力学	ねつりきがく	auto_expanded_needs_review
爬虫類	はちゅうるい	auto_expanded_needs_review
物理少年	ぶつりしょうねん	auto_expanded_needs_review
特別保安局	とくべつほあんきょく	auto_expanded_needs_review
犀賀六巳	さいがむつみ	auto_expanded_needs_review
犀賀派	さいがは	auto_expanded_needs_review
玩具	がんぐ	auto_expanded_needs_review
現実改変	げんじつかいへん	auto_expanded_needs_review
球体	きゅうたい	auto_expanded_needs_review
理外研	りがいけん	auto_expanded_needs_review
理想と報復	りそうとほうふく	auto_expanded_needs_review
生		needs_review
生典	せいてん	auto_expanded_needs_review
生命	せいめい	auto_expanded_needs_review
生命の樹	せいめいのき	auto_expanded_needs_review
生命体	せいめいたい	auto_expanded_needs_review
生殖	せいしょく	auto_expanded_needs_review
生物学	せいぶつがく	auto_expanded_needs_review
生物災害	せいぶつさいがい	auto_expanded_needs_review
田中先生	たなかせんせい	auto_expanded_needs_review
甲殻類	こうかくるい	auto_expanded_needs_review
画像差し止め	がぞうさしとめ	auto_expanded_needs_review
番外部門	ばんがいぶもん	auto_expanded_needs_review
異学会	いがっかい	auto_expanded_needs_review
異常事件課	いじょうじけんか	auto_expanded_needs_review
異常宗教表現部門	いじょうしゅうきょうひょうげんぶもん	auto_expanded_needs_review
異常発見部門	いじょうはっけんぶもん	auto_expanded_needs_review
異常積荷委員会	いじょうつみにいいんかい	auto_expanded_needs_review
異次元	いじげん	auto_expanded_needs_review
白	しろ	auto_expanded_needs_review
白子博士	しらこはかせ	auto_expanded_needs_review
白色家系図録	しろいろかけいずろく	auto_expanded_needs_review
監査官	かんさかん	auto_expanded_needs_review
監督真司令部	かんとくしんしれいぶ	auto_expanded_needs_review
相貌失認	そうぼうしつにん	auto_expanded_needs_review
看図説話-待宵草	かんずせつわ-まつよいぐさ	auto_expanded_needs_review
看図説話-粉蝶花		needs_review
看図説話-薫衣草		needs_review
看図説話-香蒲	かんずせつわ-がま	auto_expanded_needs_review
看図説話-鬼百合	かんずせつわ-おにゆり	auto_expanded_needs_review
真北研究員	まきたけんきゅういん	auto_expanded_needs_review
真菌類	しんきんるい	auto_expanded_needs_review
眼	め	auto_expanded_needs_review
睡眠	すいみん	auto_expanded_needs_review
瞬間移動	しゅんかんいどう	auto_expanded_needs_review
知性	ちせい	auto_expanded_needs_review
知性体	ちせいたい	auto_expanded_needs_review
知識	ちしき	auto_expanded_needs_review
石榴倶楽部	ざくろくらぶ	auto_expanded_needs_review
破壊不可能	はかいふかのう	auto_expanded_needs_review
破暁		needs_review
確率	かくりつ	auto_expanded_needs_review
磁力	じりょく	auto_expanded_needs_review
神世継	かみよつぎ	auto_expanded_needs_review
神山博士	かみやまはかせ	auto_expanded_needs_review
神恵研究員	かみえけんきゅういん	auto_expanded_needs_review
神枷一族	かみかせいちぞく	auto_expanded_needs_review
神異博覧会	しんいはくらんかい	auto_expanded_needs_review
神経	しんけい	auto_expanded_needs_review
神話・民俗学部門	しんわ・みんぞくがくぶもん	auto_expanded_needs_review
神話伝説	しんわでんせつ	auto_expanded_needs_review
福路捜索部隊長		needs_review
私たちを見守るもの	わたしたちをみまもるもの	auto_expanded_needs_review
秦漢財団	しんかんざいだん	auto_expanded_needs_review
移動	いどう	auto_expanded_needs_review
移動不可能	いどうふかのう	auto_expanded_needs_review
種族	しゅぞく	auto_expanded_needs_review
穴蔵	あなぐら	auto_expanded_needs_review
空と大地のラプソディ	そらとだいちのらぷそでぃ	auto_expanded_needs_review
空中	くうちゅう	auto_expanded_needs_review
空想科学部門	くうそうかがくぶもん	auto_expanded_needs_review
空間	くうかん	auto_expanded_needs_review
競り合う終末論	せりあうしゅうまつろん	auto_expanded_needs_review
第25局	だい25きょく	auto_expanded_needs_review
第三法則	だいさんほうそく	auto_expanded_needs_review
第九世界	だいきゅうせかい	auto_expanded_needs_review
第二ハイトス教会	だいにはいとすきょうかい	auto_expanded_needs_review
第五教会	だいごきょうかい	auto_expanded_needs_review
第八処	だいはちしょ	auto_expanded_needs_review
筐体造り	きょうたいづくり	auto_expanded_needs_review
管理	かんり	auto_expanded_needs_review
管理者	かんりしゃ	auto_expanded_needs_review
節足動物	せっそくどうぶつ	auto_expanded_needs_review
精神影響	せいしんえいきょう	auto_expanded_needs_review
精神感応	せいしんかんのう	auto_expanded_needs_review
素手喧嘩コン21	すでげんかこん21	auto_expanded_needs_review
素晴らしき世界	すばらしきせかい	auto_expanded_needs_review
統合プログラム	とうごうぷろぐらむ	auto_expanded_needs_review
絶滅主義	ぜつめつしゅぎ	auto_expanded_needs_review
継続部門	けいぞくぶもん	auto_expanded_needs_review
緑	みどり	auto_expanded_needs_review
繁広		needs_review
罪団		needs_review
群れ	むれ	auto_expanded_needs_review
翠の王	みどりのおう	auto_expanded_needs_review
老人との海	ろうじんとのうみ	auto_expanded_needs_review
聖ヘドウィグ	せいへどうぃぐ	auto_expanded_needs_review
聖杯を仰ぐ翳	せいはいをあおぐかげ	auto_expanded_needs_review
聴覚	ちょうかく	auto_expanded_needs_review
肉食	にくしょく	auto_expanded_needs_review
腐ち乱れる神の霊峰	くちみだれるかみのれいほう	auto_expanded_needs_review
腐食	ふしょく	auto_expanded_needs_review
自動装置	じどうそうち	auto_expanded_needs_review
自己修復	じこしゅうふく	auto_expanded_needs_review
自己複製	じこふくせい	auto_expanded_needs_review
自律	じりつ	auto_expanded_needs_review
船舶	せんぱく	auto_expanded_needs_review
艦政本部対超常課	かんせいほんぶたいちょうじょうか	auto_expanded_needs_review
艦隊	かんたい	auto_expanded_needs_review
花籠学園	はなかごがくえん	auto_expanded_needs_review
芸能	げいのう	auto_expanded_needs_review
芸術	げいじゅつ	auto_expanded_needs_review
茅野博士	かやのはかせ	auto_expanded_needs_review
荘厳住宅	そうごんじゅうたく	auto_expanded_needs_review
萌里菻		needs_review
著者ページ	ちょしゃぺーじ	auto_expanded_needs_review
葦の輪	あしのわ	auto_expanded_needs_review
葬祭部門	そうさいぶもん	auto_expanded_needs_review
蒐集院	しゅうしゅういん	auto_expanded_needs_review
蘇生	そせい	auto_expanded_needs_review
虎屋博士	とらやはかせ	auto_expanded_needs_review
蛇と焚書のカルテット	へびとふんしょのかるてっと	auto_expanded_needs_review
蛇の手	へびのて	auto_expanded_needs_review
蛸葦廃船	たこあしはいせん	auto_expanded_needs_review
血の娼婦	ちのしょうふ	auto_expanded_needs_review
血液	けつえき	auto_expanded_needs_review
衛星	えいせい	auto_expanded_needs_review
衣類	いるい	auto_expanded_needs_review
袖まくり倶楽部	そでまくりくらぶ	auto_expanded_needs_review
装飾品	そうしょくひん	auto_expanded_needs_review
補足	ほそく	auto_expanded_needs_review
西天カントリークラブ	さいてんかんとりーくらぶ	auto_expanded_needs_review
西行	さいぎょう	auto_expanded_needs_review
要翻訳	ようほんやく	auto_expanded_needs_review
見出し	みだし	auto_expanded_needs_review
視覚	しかく	auto_expanded_needs_review
観測	かんそく	auto_expanded_needs_review
角宇野記録官	かくうのきろくかん	auto_expanded_needs_review
角度研削者	かくどけんさくしゃ	auto_expanded_needs_review
解体部門	かいたいぶもん	auto_expanded_needs_review
触覚	しょっかく	auto_expanded_needs_review
言語	げんご	auto_expanded_needs_review
訓戒	くんかい	auto_expanded_needs_review
記号論	きごうろん	auto_expanded_needs_review
記憶媒体	きおくばいたい	auto_expanded_needs_review
記憶影響	きおくえいきょう	auto_expanded_needs_review
記述	きじゅつ	auto_expanded_needs_review
記録管理人	きろくかんりにん	auto_expanded_needs_review
設定集	せっていしゅう	auto_expanded_needs_review
詩的文学	してきぶんがく	auto_expanded_needs_review
話し上手	はなしじょうず	auto_expanded_needs_review
認識災害	にんしきさいがい	auto_expanded_needs_review
語り	ごり	auto_compound_needs_review
誤伝達部門	ごでんたつぶもん	auto_expanded_needs_review
調達・清算部門	ちょうたつ・せいさんぶもん	auto_expanded_needs_review
論理部門	ろんりぶもん	auto_expanded_needs_review
諸知博士		needs_review
豊穣公社	ほうじょうこうしゃ	auto_expanded_needs_review
負号部隊	ふごうぶたい	auto_expanded_needs_review
財団4k	ざいだん4k	auto_compound_needs_review
財団のない世界	ざいだんのないせかい	auto_compound_needs_review
財団アルバイター	ざいだんあるばいたー	auto_compound_needs_review
財団ラジオ放送局	ざいだんらじおほうそうきょく	auto_expanded_needs_review
財団夏祭り	ざいだんなつまつり	auto_expanded_needs_review
財団探偵	ざいだんたんてい	auto_expanded_needs_review
財団職員id	ざいだんしょくいんid	auto_compound_needs_review
財団職員the-origin	ざいだんしょくいんthe-origin	auto_compound_needs_review
財団製	ざいだんせい	auto_expanded_needs_review
貨幣	かへい	auto_expanded_needs_review
貴族たち	きぞくたち	auto_expanded_needs_review
賞典-注目記事	しょうてん-ちゅうもくきじ	auto_expanded_needs_review
赤	あか	auto_expanded_needs_review
赤斑蛇の手	あかまだらへびのて	auto_expanded_needs_review
超工家電	ちょうこうかでん	auto_expanded_needs_review
超現実部門	ちょうげんじつぶもん	auto_expanded_needs_review
超電救助隊hero	ちょうでんきゅうじょたいhero	auto_expanded_needs_review
路地道	ろじみち	auto_expanded_needs_review
軍事	ぐんじ	auto_expanded_needs_review
軟骨魚類	なんこつぎょるい	auto_expanded_needs_review
転写不全	てんしゃふぜん	auto_expanded_needs_review
転生計画	てんせいけいかく	auto_expanded_needs_review
迷宮	めいきゅう	auto_expanded_needs_review
追憶のアディトゥム	ついおくのあでぃとぅむ	auto_expanded_needs_review
通信	つうしん	auto_expanded_needs_review
道具	どうぐ	auto_expanded_needs_review
道化師	どうけし	auto_expanded_needs_review
道策管理官	どうさくかんりかん	auto_expanded_needs_review
遠己		needs_review
遠野妖怪保護区	とおのようかいほごく	auto_expanded_needs_review
適応	てきおう	auto_expanded_needs_review
遺伝子	いでんし	auto_expanded_needs_review
都市	とし	auto_expanded_needs_review
酩酊街	めいていがい	auto_expanded_needs_review
重力	じゅうりょく	auto_expanded_needs_review
重訳	じゅうやく	auto_expanded_needs_review
金属	きんぞく	auto_expanded_needs_review
金崎研究員	かなざきけんきゅういん	auto_expanded_needs_review
金帳汗国	きんちょうかんこく	auto_expanded_needs_review
鉄道	てつどう	auto_expanded_needs_review
銀河連邦	ぎんがれんぽう	auto_expanded_needs_review
錬金術部門	れんきんじゅつぶもん	auto_expanded_needs_review
録音録画	ろくおんろくが	auto_expanded_needs_review
鏡面の引火点	きょうめんのいんかてん	auto_expanded_needs_review
鐘を鳴らす者の詩	かねをならすもののし	auto_expanded_needs_review
闇寿司	やみずし	auto_expanded_needs_review
闇親方	やみおやかた	auto_expanded_needs_review
防御柵計画	ぼうぎょさくけいかく	auto_expanded_needs_review
陰陽寮	おんみょうりょう	auto_expanded_needs_review
隠し包丁のスニーク	かくしぼうちょうのすにーく	auto_expanded_needs_review
集団意識	しゅうだんいしき	auto_expanded_needs_review
雑草	ざっそう	auto_expanded_needs_review
難波謙司	なんばけんじ	auto_expanded_needs_review
雨霧拷問官	あまぎりごうもんかん	auto_expanded_needs_review
零号専隊	ぜろごうせんたい	auto_expanded_needs_review
電子デバイス	でんしでばいす	auto_expanded_needs_review
電気	でんき	auto_expanded_needs_review
電気通信監視室	でんきつうしんかんししつ	auto_expanded_needs_review
電磁気	でんじき	auto_expanded_needs_review
霊体	れいたい	auto_expanded_needs_review
霧津		needs_review
霧津奇譚		needs_review
青	あお	auto_expanded_needs_review
青大将	あおだいしょう	auto_expanded_needs_review
青玉色の空	せいぎょくいろのそら	auto_expanded_needs_review
青鈍色の空	あおにびいろのそら	auto_expanded_needs_review
静かなる流れ	しずかなるながれ	auto_expanded_needs_review
非公式1200字掌編企画	ひこうしき1200じしょうへんきかく	auto_expanded_needs_review
非公式800字掌編企画	ひこうしき800じしょうへんきかく	auto_expanded_needs_review
非実体	ひじったい	auto_expanded_needs_review
非現実部門	ひげんじつぶもん	auto_expanded_needs_review
音声添付	おんせいてんぷ	auto_expanded_needs_review
音楽	おんがく	auto_expanded_needs_review
音楽審美学	おんがくしんびがく	auto_expanded_needs_review
音波	おんぱ	auto_expanded_needs_review
頭足類	とうそくるい	auto_expanded_needs_review
風露旅社	ふうろりょしゃ	auto_expanded_needs_review
食物	しょくもつ	auto_expanded_needs_review
飯尾博士	いいおはかせ	auto_expanded_needs_review
香城	こうじょう	auto_expanded_needs_review
骨折博士	こっせつはかせ	auto_expanded_needs_review
骨格	こっかく	auto_expanded_needs_review
鬼食料理長	おにぐいりょうりちょう	auto_expanded_needs_review
魔術師学会	まじゅつしがっかい	auto_expanded_needs_review
魚類	ぎょるい	auto_expanded_needs_review
鳥類	ちょうるい	auto_expanded_needs_review
鳴蝉博士	なきぜみはかせ	auto_expanded_needs_review
鵺-斎宮	ぬえ-さいぐう	auto_expanded_needs_review
黄	き	auto_expanded_needs_review
黒	くろ	auto_expanded_needs_review
黒の女王	くろのじょおう	auto_expanded_needs_review
黒塗りの空	くろぬりのそら	auto_expanded_needs_review
黒服のアンチカーニズム	くろふくのあんちかーにずむ	auto_expanded_needs_review
黒魔力師連盟	くろまりょくしれんめい	auto_expanded_needs_review
齧歯類	げっしるい	auto_expanded_needs_review
